"latin","Species","common"
"Myotis daubentonii","Daubenton","Daubenton bat"
"Myotis daubentonii","Daubentons","Daubenton bat"
"Myotis daubentonii","Myotis daubentoni","Daubenton bat"
"Myotis sp.","Myotis","Mouse-eared bat (sp)"
"Myotis sp.","Myotis sp.","Mouse-eared bat (sp)"
"Myotis daubentonii","Myotis daubentonii","Myotis daubentonii"
"Nyctalus noctula","Common noctule","Noctule bat"
"Nyctalus noctula","Noctule","Noctule bat"
"Pipistrellus nathusii","Nath Pip","Nathusius pipistrelle bat"
"Pipistrellus nathusii","Nath.Pip","Nathusius pipistrelle bat"
"Pipistrellus nathusii","Nathusius' pipistrelle","Nathusius pipistrelle bat"
"Pipistrellus pipistrellus","C. Pipistrelle","Common pipistrelle bat"
"Pipistrellus pipistrellus","C.Pip","Common pipistrelle bat"
"Pipistrellus pipistrellus","Common","Common pipistrelle bat"
"Pipistrellus pipistrellus","Common pip","Common pipistrelle bat"
"Pipistrellus pipistrellus","common pipistrelle","Common pipistrelle bat"
"Pipistrellus pipistrellus","Common pipistrelle","Common pipistrelle bat"
"Pipistrellus pipistrellus","Common Pipistrelle","Common pipistrelle bat"
"Pipistrellus pipistrellus","Pipistrellus pipistrellus","Common pipistrelle bat"
"Pipistrellus pygmaeus","S. Pipistrelle","Soprano pipistrelle bat"
"Pipistrellus pygmaeus","S.Pip","Soprano pipistrelle bat"
"Pipistrellus pygmaeus","Soprano","Soprano pipistrelle bat"
"Pipistrellus pygmaeus","Soprano pip","Soprano pipistrelle bat"
"Pipistrellus pygmaeus","soprano pipistrelle","Soprano pipistrelle bat"
"Pipistrellus pygmaeus","Soprano pipistrelle","Soprano pipistrelle bat"
"Pipistrellus pygmaeus","Soprano Pipistrelle","Soprano pipistrelle bat"
"Pipistrellus sp.","Common/ soprano mix","Pipistrelle bat (sp)"
"Pipistrellus sp.","Pipistrelle (exact species unknown)","Pipistrelle bat (sp)"
"Pipistrellus sp.","Pipistrellus sp.","Pipistrelle bat (sp)"
"Pipistrellus sp.","Common pipistrelle bat","Pipistrelle bat (sp)"
"Pipistrellus sp.","Pipistrelle","Pipistrelle bat (sp)"
"Pipistrellus sp.","Pipistrelles","Pipistrelle bat (sp)"
"Plecotus auritus","BLE","Brown long-eared bat"
"Plecotus auritus","Brown long-eared bat","Brown long-eared bat"
"Unknown","Unknown","Unknown"
"Unknown","Small mammal","Unknown"
"Unknown","Small mammal (mouse?)","Unknown"
"Unknown","Small mammal (species unknown)","Unknown"
"Unknown","?","Unknown"
"Unknown","?TBC","Unknown"
"Unknown","NK (most likely badger)","Unknown"
"Unknown","Rabbit/Fox?","Unknown"
"Apodemus sylvaticus","wood mouse","Wood mouse"
"Apodemus sylvaticus","Wood mouse","Wood mouse"
"Apodemus sylvaticus","Wood Mouse","Wood mouse"
"Apodemus sylvaticus","Woodmouse","Wood mouse"
"Apodemus sylvaticus","Woodmouse (Apodemus sylvaticus)","Wood mouse"
"Apodemus sylvaticus","domestic cat, wood mouse","Wood mouse"
"Apodemus sylvaticus","1 Wood mouse","Wood mouse"
"Apodemus sylvaticus","Field mouse","Wood mouse"
"Apodemus sylvaticus","Field Mouse","Wood mouse"
"Apodemus sylvaticus","woodmouse","Wood mouse"
"Canis lupus familiaris","Dog","Domestic dog"
"Capreolus capreolus","roe deer","Roe deer"
"Capreolus capreolus","Roe deer","Roe deer"
"Capreolus capreolus","Roe Deer","Roe deer"
"Capreolus capreolus","Roe deer (Capreolus capreolus)","Roe deer"
"Cervidae sp.","Deer","Deer (sp)"
"Cervidae sp.","deer sp.","Deer (sp)"
"Cervidae sp.","Deer sp.","Deer (sp)"
"Cervus elaphus","Red Deer","Red deer"
"Equus ferus caballus","Horse","Horse"
"Erinaceus europaeus","hedgehog","Hedgehog"
"Erinaceus europaeus","Hedgehog","Hedgehog"
"Erinaceus europaeus","Hedgehog & mice","Hedgehog"
"Erinaceus europaeus","Hedgehog and mouse","Hedgehog"
"Erinaceus europaeus","Hedgehog, domestic cat","Hedgehog"
"Erinaceus europaeus","Mouse & Hedgehog","Hedgehog"
"Felis catus","Cat","Domestic cat"
"Felis catus","Cat (Felic catus)","Domestic cat"
"Felis catus","Domestic cat","Domestic cat"
"Felis catus","Domestic Cat","Domestic cat"
"Felis catus","domestic cat","Domestic cat"
"Felis catus","domestic cat, wood mouse","Domestic cat"
"Felis catus","Hedgehog, domestic cat","Domestic cat"
"Felis catus","Dometic Cat","Domestic cat"
"Felis catus","cat","Domestic cat"
"Felis catus","Cat - domestic","Domestic cat"
"Lepus europaeus","Brown hare","European hare"
"Lepus europaeus","Hare","European hare"
"Lepus europaeus","Brown Hare","European hare"
"Martes martes","Pine Marten","Pine marten"
"Meles meles","badger","Badger"
"Meles meles","Badger","Badger"
"Meles meles","Badger (Meles meles)","Badger"
"Muntiacus reevesi","Muntjac","Muntjac"
"Muntiacus reevesi","Muntjac Deer","Muntjac"
"Murinae sp.","Mous Sp","Mouse (sp)"
"Murinae sp.","mouse","Mouse (sp)"
"Murinae sp.","Mouse","Mouse (sp)"
"Murinae sp.","Mouse Sp","Mouse (sp)"
"Murinae sp.","Hedgehog & mice","Mouse (sp)"
"Murinae sp.","Hedgehog and mouse","Mouse (sp)"
"Murinae sp.","Mice","Mouse (sp)"
"Murinae sp.","Mouse & Hedgehog","Mouse (sp)"
"Murinae sp.","Unidentified mouse","Mouse (sp)"
"Murinae sp.","Mouse (not sure on species)","Mouse (sp)"
"Mustela erminea","Stoat","Stoat"
"Mustela erminea","Stout","Stoat"
"Mustela nivalis","Weasel","Weasel"
"Mustela putorius","Ferret","Polecat"
"Oryctolagus cuniculus","rabbit","Rabbit"
"Oryctolagus cuniculus","Rabbit","Rabbit"
"Oryctolagus cuniculus","Rabbit (Oryctolagus Cuniculus)","Rabbit"
"Oryctolagus cuniculus","European Rabbit (Oryctolagus cuniculus","Rabbit"
"Rattus norvegicus","Brown rat","Brown rat"
"Rattus norvegicus","Brown Rat","Brown rat"
"Rattus norvegicus","Rat","Brown rat"
"Rattus norvegicus","brown rat","Brown rat"
"Rattus norvegicus","Rattus norvegicus","Brown rat"
"Sciurus carolinensis","Grey Squirell","Grey squirrel"
"Sciurus carolinensis","grey squirrel","Grey squirrel"
"Sciurus carolinensis","Grey squirrel","Grey squirrel"
"Sciurus carolinensis","Grey Squirrel","Grey squirrel"
"Sciurus carolinensis","Grey Squirrel?","Grey squirrel"
"Sciurus carolinensis","Grey squirrel (Sciurus carolinensis)","Grey squirrel"
"Sciurus carolinensis","Grey Squirrel Sciurus carolinensis","Grey squirrel"
"Sciurus carolinensis","Grey squirrel - drey","Grey squirrel"
"Sciurus carolinensis","Grey Squrrel","Grey squirrel"
"Sciurus carolinensis","Sciurus carolinensis","Grey squirrel"
"Sciurus carolinensis","Western Grey Squirell (Sciurus griseus)","Grey squirrel"
"Sciurus carolinensis","grey squirell","Grey squirrel"
"Sciurus sp.","Squirrel","Squirrel (sp)"
"Sciurus sp.","squirrel","Squirrel (sp)"
"Sciurus sp.","SquIrrel","Squirrel (sp)"
"Sciurus sp.","Squrrel","Squirrel (sp)"
"Sciurus sp.","squiz","Squirrel (sp)"
"Sciurus vulgaris","red squirrel","Red squirrel"
"Sciurus vulgaris","Red Squirrel","Red squirrel"
"Sciurus vulgaris","Red squirrel","Red squirrel"
"Sciurus vulgaris","Red squirrel (Sciurus vulgaris)","Red squirrel"
"Sorex araneus","Common shrew","Common shrew"
"Vulpes vulpes","fox","Red fox"
"Vulpes vulpes","Fox","Red fox"
"Vulpes vulpes","Fox (Vulpes vulpes)","Red fox"
"Vulpes vulpes","Red fox","Red fox"
"Vulpes vulpes","Red Fox","Red fox"
"Vulpes vulpes","red fox","Red fox"
"Vulpes vulpes","Vulpes vulpes","Red fox"
"Arvicolinae sp.","vole","Vole (sp)"
"Arvicolinae sp.","Vole","Vole (sp)"
"Arvicolinae sp.","Vole sp.","Vole (sp)"
"Lutra lutra","otter","Otter"
"Lutra lutra","Lutra sp. (otter)","Otter"
"Microtus agrestis","Field vole","Field vole"
"Microtus agrestis","field vole","Field vole"
"Microtus agrestis","Field Vole","Field vole"
"Myodes glareolus","Bank vole","Bank vole"
"Myodes glareolus","Bank Vole","Bank vole"
"Talpa europaea","mole","Mole"
"Talpa europaea","Mole","Mole"
"Ovis aries","Sheep","Sheep"
"Phasianus colchicus","Pheasent","Pheasant"
"Vespertilionidae sp.","Bat","Bat (sp)"
"Vespertilionidae sp.","Bat (unknown)","Bat (sp)"
"Vespertilionidae sp.","Pipistrelle bat","Bat (sp)"
"Apodemus flavicollis","Yellow-necked mouse","Yellow-necked mouse"
"Apodemus flavicollis","Yellow necked mouse","Yellow-necked mouse"
"Sorex minutus","Pygmy shrew","Pygmy shrew"
"Sorex minutus","pygmy shrew","Pygmy shrew"
"Bos taurus","Cattle","Cow"
"Equus asinus","Donkey","Donkey"
"Mus musculus","Mus musculus","House mouse"
"Mus musculus","House mouse","House mouse"
"Mus musculus","Mouse (Mus musculus)","House mouse"
"Phoca vitulina","harbour seal","Harbour seal"
"Phoca vitulina","Seal (Phoca vitulina)","Harbour seal"
